spec,coef_MW,se,tstat,pval,n_obs,r2_within
(1) Pooled,230.9702128982042,90.77154026741732,2.5445223493812583,0.011169039535426029,663,0.008596111168236886
(2) Pooled+X,1854.253034940907,114.58407588769812,16.182467071237966,0.0,663,0.7954014035289896
(3) TWFE,1643.2186381237564,90.89102470354975,18.07899782715928,0.0,663,-0.768511960015732
(4) TWFE+X [MAIN],1958.4117288900425,42.95434885014691,45.59286268597096,0.0,663,0.5212311165966375
(R1) GrossRent DV,1965.2261640830118,41.956040843779434,46.840124200479316,0.0,663,0.47019487028344975
(R2) Above-Fed States,1951.6704092367654,90.44499360506983,21.578534437835,0.0,403,0.0013627682895474003
(R3) log(MW),19296.22694781523,512.2959680950501,37.6661698501501,0.0,663,0.2893615709064412
